编号,文案,图片url,音频url,视频url
1,刘恋生日快乐0001,./content/0001.png,./content/0001.mp3,
2,刘恋生日快乐0002,./content/0002.png,,./content/0002.mp4
3,刘恋生日快乐0003,./content/0003.png,,
4,刘恋生日快乐0004,./content/0004.png,,
5,刘恋生日快乐0005,./content/0005.png,,
6,刘恋生日快乐0006,./content/0006.png,,
7,刘恋生日快乐0007,./content/0007.png,,
8,刘恋生日快乐0008,./content/0008.png,,
9,刘恋生日快乐0009,./content/0009.png,,
10,刘恋生日快乐0010,./content/0010.png,,
11,刘恋生日快乐0011,./content/0011.png,,
12,刘恋生日快乐0012,./content/0012.png,,
13,刘恋生日快乐0013,./content/0013.png,,
14,刘恋生日快乐0014,./content/0014.png,,
15,刘恋生日快乐0015,./content/0015.png,,
16,刘恋生日快乐0016,./content/0016.png,,
17,刘恋生日快乐0017,./content/0017.png,,
18,刘恋生日快乐0018,./content/0018.png,,
19,刘恋生日快乐0019,./content/0019.png,,
20,刘恋生日快乐0020,./content/0020.png,,
21,刘恋生日快乐0021,./content/0021.png,,
22,刘恋生日快乐0022,./content/0022.png,,
23,刘恋生日快乐0023,./content/0023.png,,
24,刘恋生日快乐0024,./content/0024.png,,
25,刘恋生日快乐0025,./content/0025.png,,
26,刘恋生日快乐0026,./content/0026.png,,
27,刘恋生日快乐0027,./content/0027.png,,
28,刘恋生日快乐0028,./content/0028.png,,
29,刘恋生日快乐0029,./content/0029.png,,
30,刘恋生日快乐0030,./content/0030.png,,
31,刘恋生日快乐0031,./content/0031.png,,
32,刘恋生日快乐0032,./content/0032.png,,
33,刘恋生日快乐0033,./content/0033.png,,
34,刘恋生日快乐0034,./content/0034.png,,
35,刘恋生日快乐0035,./content/0035.png,,
36,刘恋生日快乐0036,./content/0036.png,,
37,刘恋生日快乐0037,./content/0037.png,,
38,刘恋生日快乐0038,./content/0038.png,,
39,刘恋生日快乐0039,./content/0039.png,,
40,刘恋生日快乐0040,./content/0040.png,,
41,刘恋生日快乐0041,./content/0041.png,,
42,刘恋生日快乐0042,./content/0042.png,,
43,刘恋生日快乐0043,./content/0043.png,,
44,刘恋生日快乐0044,./content/0044.png,,
45,刘恋生日快乐0045,./content/0045.png,,
46,刘恋生日快乐0046,./content/0046.png,,
47,刘恋生日快乐0047,./content/0047.png,,
48,刘恋生日快乐0048,./content/0048.png,,
49,刘恋生日快乐0049,./content/0049.png,,
50,刘恋生日快乐0050,./content/0050.png,,
51,刘恋生日快乐0051,./content/0051.png,,
52,刘恋生日快乐0052,./content/0052.png,,
53,刘恋生日快乐0053,./content/0053.png,,
54,刘恋生日快乐0054,./content/0054.png,,
55,刘恋生日快乐0055,./content/0055.png,,
56,刘恋生日快乐0056,./content/0056.png,,
57,刘恋生日快乐0057,./content/0057.png,,
58,刘恋生日快乐0058,./content/0058.png,,
59,刘恋生日快乐0059,./content/0059.png,,
60,刘恋生日快乐0060,./content/0060.png,,
61,刘恋生日快乐0061,./content/0061.png,,
62,刘恋生日快乐0062,./content/0062.png,,
63,刘恋生日快乐0063,./content/0063.png,,
64,刘恋生日快乐0064,./content/0064.png,,
65,刘恋生日快乐0065,./content/0065.png,,
66,刘恋生日快乐0066,./content/0066.png,,
67,刘恋生日快乐0067,./content/0067.png,,
68,刘恋生日快乐0068,./content/0068.png,,
69,刘恋生日快乐0069,./content/0069.png,,
70,刘恋生日快乐0070,./content/0070.png,,
71,刘恋生日快乐0071,./content/0071.png,,
72,刘恋生日快乐0072,./content/0072.png,,
73,刘恋生日快乐0073,./content/0073.png,,
74,刘恋生日快乐0074,./content/0074.png,,
75,刘恋生日快乐0075,./content/0075.png,,
76,刘恋生日快乐0076,./content/0076.png,,
77,刘恋生日快乐0077,./content/0077.png,,
78,刘恋生日快乐0078,./content/0078.png,,
79,刘恋生日快乐0079,./content/0079.png,,
80,刘恋生日快乐0080,./content/0080.png,,
81,刘恋生日快乐0081,./content/0081.png,,
82,刘恋生日快乐0082,./content/0082.png,,
83,刘恋生日快乐0083,./content/0083.png,,
84,刘恋生日快乐0084,./content/0084.png,,
85,刘恋生日快乐0085,./content/0085.png,,
86,刘恋生日快乐0086,./content/0086.png,,
87,刘恋生日快乐0087,./content/0087.png,,
88,刘恋生日快乐0088,./content/0088.png,,
89,刘恋生日快乐0089,./content/0089.png,,
90,刘恋生日快乐0090,./content/0090.png,,
91,刘恋生日快乐0091,./content/0091.png,,
92,刘恋生日快乐0092,./content/0092.png,,
93,刘恋生日快乐0093,./content/0093.png,,
94,刘恋生日快乐0094,./content/0094.png,,
95,刘恋生日快乐0095,./content/0095.png,,
96,刘恋生日快乐0096,./content/0096.png,,
97,刘恋生日快乐0097,./content/0097.png,,
98,刘恋生日快乐0098,./content/0098.png,,
99,刘恋生日快乐0099,./content/0099.png,,
100,刘恋生日快乐0100,./content/0100.png,,
101,刘恋生日快乐0101,./content/0101.png,,
102,刘恋生日快乐0102,./content/0102.png,,
103,刘恋生日快乐0103,./content/0103.png,,
104,刘恋生日快乐0104,./content/0104.png,,
105,刘恋生日快乐0105,./content/0105.png,,
106,刘恋生日快乐0106,./content/0106.png,,
107,刘恋生日快乐0107,./content/0107.png,,
108,刘恋生日快乐0108,./content/0108.png,,
109,刘恋生日快乐0109,./content/0109.png,,
110,刘恋生日快乐0110,./content/0110.png,,
111,刘恋生日快乐0111,./content/0111.png,,
112,刘恋生日快乐0112,./content/0112.png,,
113,刘恋生日快乐0113,./content/0113.png,,
114,刘恋生日快乐0114,./content/0114.png,,
115,刘恋生日快乐0115,./content/0115.png,,
116,刘恋生日快乐0116,./content/0116.png,,
117,刘恋生日快乐0117,./content/0117.png,,
118,刘恋生日快乐0118,./content/0118.png,,
119,刘恋生日快乐0119,./content/0119.png,,
120,刘恋生日快乐0120,./content/0120.png,,
121,刘恋生日快乐0121,./content/0121.png,,
122,刘恋生日快乐0122,./content/0122.png,,
123,刘恋生日快乐0123,./content/0123.png,,
124,刘恋生日快乐0124,./content/0124.png,,
125,刘恋生日快乐0125,./content/0125.png,,
126,刘恋生日快乐0126,./content/0126.png,,
127,刘恋生日快乐0127,./content/0127.png,,
128,刘恋生日快乐0128,./content/0128.png,,
129,刘恋生日快乐0129,./content/0129.png,,
130,刘恋生日快乐0130,./content/0130.png,,
131,刘恋生日快乐0131,./content/0131.png,,
132,刘恋生日快乐0132,./content/0132.png,,
133,刘恋生日快乐0133,./content/0133.png,,
134,刘恋生日快乐0134,./content/0134.png,,
135,刘恋生日快乐0135,./content/0135.png,,
136,刘恋生日快乐0136,./content/0136.png,,
137,刘恋生日快乐0137,./content/0137.png,,
138,刘恋生日快乐0138,./content/0138.png,,
139,刘恋生日快乐0139,./content/0139.png,,
140,刘恋生日快乐0140,./content/0140.png,,
141,刘恋生日快乐0141,./content/0141.png,,
142,刘恋生日快乐0142,./content/0142.png,,
143,刘恋生日快乐0143,./content/0143.png,,
144,刘恋生日快乐0144,./content/0144.png,,
145,刘恋生日快乐0145,./content/0145.png,,
146,刘恋生日快乐0146,./content/0146.png,,
147,刘恋生日快乐0147,./content/0147.png,,
148,刘恋生日快乐0148,./content/0148.png,,
149,刘恋生日快乐0149,./content/0149.png,,
150,刘恋生日快乐0150,./content/0150.png,,
151,刘恋生日快乐0151,./content/0151.png,,
152,刘恋生日快乐0152,./content/0152.png,,
153,刘恋生日快乐0153,./content/0153.png,,
154,刘恋生日快乐0154,./content/0154.png,,
155,刘恋生日快乐0155,./content/0155.png,,
156,刘恋生日快乐0156,./content/0156.png,,
157,刘恋生日快乐0157,./content/0157.png,,
158,刘恋生日快乐0158,./content/0158.png,,
159,刘恋生日快乐0159,./content/0159.png,,
160,刘恋生日快乐0160,./content/0160.png,,
161,刘恋生日快乐0161,./content/0161.png,,
162,刘恋生日快乐0162,./content/0162.png,,
163,刘恋生日快乐0163,./content/0163.png,,
164,刘恋生日快乐0164,./content/0164.png,,
165,刘恋生日快乐0165,./content/0165.png,,
166,刘恋生日快乐0166,./content/0166.png,,
167,刘恋生日快乐0167,./content/0167.png,,
168,刘恋生日快乐0168,./content/0168.png,,
169,刘恋生日快乐0169,./content/0169.png,,
170,刘恋生日快乐0170,./content/0170.png,,
171,刘恋生日快乐0171,./content/0171.png,,
172,刘恋生日快乐0172,./content/0172.png,,
173,刘恋生日快乐0173,./content/0173.png,,
174,刘恋生日快乐0174,./content/0174.png,,
175,刘恋生日快乐0175,./content/0175.png,,
176,刘恋生日快乐0176,./content/0176.png,,
177,刘恋生日快乐0177,./content/0177.png,,
178,刘恋生日快乐0178,./content/0178.png,,
179,刘恋生日快乐0179,./content/0179.png,,
180,刘恋生日快乐0180,./content/0180.png,,
181,刘恋生日快乐0181,./content/0181.png,,
182,刘恋生日快乐0182,./content/0182.png,,
183,刘恋生日快乐0183,./content/0183.png,,
184,刘恋生日快乐0184,./content/0184.png,,
185,刘恋生日快乐0185,./content/0185.png,,
186,刘恋生日快乐0186,./content/0186.png,,
187,刘恋生日快乐0187,./content/0187.png,,
188,刘恋生日快乐0188,./content/0188.png,,
189,刘恋生日快乐0189,./content/0189.png,,
190,刘恋生日快乐0190,./content/0190.png,,
191,刘恋生日快乐0191,./content/0191.png,,
192,刘恋生日快乐0192,./content/0192.png,,
193,刘恋生日快乐0193,./content/0193.png,,
194,刘恋生日快乐0194,./content/0194.png,,
195,刘恋生日快乐0195,./content/0195.png,,
196,刘恋生日快乐0196,./content/0196.png,,
197,刘恋生日快乐0197,./content/0197.png,,
198,刘恋生日快乐0198,./content/0198.png,,
199,刘恋生日快乐0199,./content/0199.png,,
200,刘恋生日快乐0200,./content/0200.png,,
201,刘恋生日快乐0201,./content/0201.jpg,,
202,刘恋生日快乐0202,./content/0202.jpg,,
203,刘恋生日快乐0203,./content/0203.jpg,,
204,刘恋生日快乐0204,./content/0204.jpg,,
205,刘恋生日快乐0205,./content/0205.jpg,,
206,刘恋生日快乐0206,./content/0206.jpg,,
207,刘恋生日快乐0207,./content/0207.jpg,,
208,刘恋生日快乐0208,./content/0208.jpg,,
209,刘恋生日快乐0209,./content/0209.jpg,,
210,刘恋生日快乐0210,./content/0210.jpg,,
211,刘恋生日快乐0211,./content/0211.jpg,,
212,刘恋生日快乐0212,./content/0212.jpg,,
213,刘恋生日快乐0213,./content/0213.jpg,,
214,刘恋生日快乐0214,./content/0214.jpg,,
215,刘恋生日快乐0215,./content/0215.jpg,,
216,刘恋生日快乐0216,./content/0216.jpg,,
217,刘恋生日快乐0217,./content/0217.jpg,,
218,刘恋生日快乐0218,./content/0218.jpg,,
219,刘恋生日快乐0219,./content/0219.jpg,,
220,刘恋生日快乐0220,./content/0220.jpg,,
221,刘恋生日快乐0221,./content/0221.jpg,,
222,刘恋生日快乐0222,./content/0222.jpg,,
223,刘恋生日快乐0223,./content/0223.jpg,,
224,刘恋生日快乐0224,./content/0224.jpg,,
225,刘恋生日快乐0225,./content/0225.jpg,,
226,刘恋生日快乐0226,./content/0226.jpg,,
227,刘恋生日快乐0227,./content/0227.jpg,,
228,刘恋生日快乐0228,./content/0228.jpg,,
229,刘恋生日快乐0229,./content/0229.jpg,,
230,刘恋生日快乐0230,./content/0230.jpg,,
231,刘恋生日快乐0231,./content/0231.jpg,,
232,刘恋生日快乐0232,./content/0232.jpg,,
233,刘恋生日快乐0233,./content/0233.jpg,,
234,刘恋生日快乐0234,./content/0234.jpg,,
235,刘恋生日快乐0235,./content/0235.jpg,,
236,刘恋生日快乐0236,./content/0236.jpg,,
237,刘恋生日快乐0237,./content/0237.jpg,,
238,刘恋生日快乐0238,./content/0238.jpg,,
239,刘恋生日快乐0239,./content/0239.jpg,,
240,刘恋生日快乐0240,./content/0240.jpg,,
241,刘恋生日快乐0241,./content/0241.jpg,,
242,刘恋生日快乐0242,./content/0242.jpg,,
243,刘恋生日快乐0243,./content/0243.jpg,,
244,刘恋生日快乐0244,./content/0244.jpg,,
245,刘恋生日快乐0245,./content/0245.jpg,,
246,刘恋生日快乐0246,./content/0246.jpg,,
247,刘恋生日快乐0247,./content/0247.jpg,,
248,刘恋生日快乐0248,./content/0248.jpg,,
249,刘恋生日快乐0249,./content/0249.jpg,./content/0250.mp3,
250,刘恋生日快乐0250,./content/0250.jpg,,
251,刘恋生日快乐0251,./content/0251.jpg,,
252,刘恋生日快乐0252,./content/0252.jpg,,
253,刘恋生日快乐0253,./content/0253.jpg,,
254,刘恋生日快乐0254,./content/0254.jpg,,
255,刘恋生日快乐0255,./content/0255.jpg,,
256,刘恋生日快乐0256,./content/0256.jpg,,
257,刘恋生日快乐0257,./content/0257.jpg,,
258,刘恋生日快乐0258,./content/0258.jpg,,
259,刘恋生日快乐0259,./content/0259.jpg,,
260,刘恋生日快乐0260,./content/0260.jpg,,
261,刘恋生日快乐0261,./content/0261.jpg,,
262,刘恋生日快乐0262,./content/0262.jpg,,
263,刘恋生日快乐0263,./content/0263.jpg,,
264,刘恋生日快乐0264,./content/0264.jpg,,
265,刘恋生日快乐0265,./content/0265.jpg,,
266,刘恋生日快乐0266,./content/0266.jpg,,
267,刘恋生日快乐0267,./content/0267.jpg,,
268,刘恋生日快乐0268,./content/0268.jpg,,
269,刘恋生日快乐0269,./content/0269.jpg,,
270,刘恋生日快乐0270,./content/0270.jpg,,
271,刘恋生日快乐0271,./content/0271.jpg,,
272,刘恋生日快乐0272,./content/0272.jpg,,
273,刘恋生日快乐0273,./content/0273.jpg,,
274,刘恋生日快乐0274,./content/0274.jpg,,
275,刘恋生日快乐0275,./content/0275.jpg,,
276,刘恋生日快乐0276,./content/0276.jpg,,
277,刘恋生日快乐0277,./content/0277.jpg,,
278,刘恋生日快乐0278,./content/0278.jpg,,
279,刘恋生日快乐0279,./content/0279.jpg,,
280,刘恋生日快乐0280,./content/0280.jpg,,
281,刘恋生日快乐0281,./content/0281.jpg,,
282,刘恋生日快乐0282,./content/0282.jpg,,
283,刘恋生日快乐0283,./content/0283.jpg,,
284,刘恋生日快乐0284,./content/0284.jpg,,
285,刘恋生日快乐0285,./content/0285.jpg,,
286,刘恋生日快乐0286,./content/0286.jpg,,
287,刘恋生日快乐0287,./content/0287.jpg,,
288,刘恋生日快乐0288,./content/0288.jpg,,
289,刘恋生日快乐0289,./content/0289.jpg,,
290,刘恋生日快乐0290,./content/0290.jpg,,
291,刘恋生日快乐0291,./content/0291.jpg,,
292,刘恋生日快乐0292,./content/0292.jpg,,
293,刘恋生日快乐0293,./content/0293.jpg,,
294,刘恋生日快乐0294,./content/0294.jpg,,
295,刘恋生日快乐0295,./content/0295.jpg,,
296,刘恋生日快乐0296,./content/0296.jpg,,
297,刘恋生日快乐0297,./content/0297.jpg,,
298,刘恋生日快乐0298,./content/0298.jpg,,
299,刘恋生日快乐0299,./content/0299.jpg,,
300,刘恋生日快乐0300,./content/0300.jpg,,
301,刘恋生日快乐0301,./content/0301.jpg,,
302,刘恋生日快乐0302,./content/0302.jpg,,
303,刘恋生日快乐0303,./content/0303.jpg,,
304,刘恋生日快乐0304,./content/0304.jpg,,
305,刘恋生日快乐0305,./content/0305.jpg,,
306,刘恋生日快乐0306,./content/0306.jpg,,
307,刘恋生日快乐0307,./content/0307.jpg,,
308,刘恋生日快乐0308,./content/0308.jpg,,
309,刘恋生日快乐0309,./content/0309.jpg,,
310,刘恋生日快乐0310,./content/0310.jpg,,
311,刘恋生日快乐0311,./content/0311.jpg,,
312,刘恋生日快乐0312,./content/0312.jpg,,
313,刘恋生日快乐0313,./content/0313.jpg,,
314,刘恋生日快乐0314,./content/0314.jpg,,
315,刘恋生日快乐0315,./content/0315.jpg,,
316,刘恋生日快乐0316,./content/0316.jpg,,
317,刘恋生日快乐0317,./content/0317.jpg,,
318,刘恋生日快乐0318,./content/0318.jpg,,
319,刘恋生日快乐0319,./content/0319.jpg,,
320,刘恋生日快乐0320,./content/0320.jpg,,
321,刘恋生日快乐0321,./content/0321.jpg,,
322,刘恋生日快乐0322,./content/0322.jpg,,
323,刘恋生日快乐0323,./content/0323.jpg,,
324,刘恋生日快乐0324,./content/0324.jpg,,
325,刘恋生日快乐0325,./content/0325.jpg,,
326,刘恋生日快乐0326,./content/0326.jpg,,
327,刘恋生日快乐0327,./content/0327.jpg,,
328,刘恋生日快乐0328,./content/0328.jpg,,
329,刘恋生日快乐0329,./content/0329.jpg,,
330,刘恋生日快乐0330,./content/0330.jpg,,
331,刘恋生日快乐0331,./content/0331.jpg,,
332,刘恋生日快乐0332,./content/0332.jpg,,
333,刘恋生日快乐0333,./content/0333.jpg,,
334,刘恋生日快乐0334,./content/0334.jpg,,
335,刘恋生日快乐0335,./content/0335.jpg,,
336,刘恋生日快乐0336,./content/0336.jpg,,
337,刘恋生日快乐0337,./content/0337.jpg,,
338,刘恋生日快乐0338,./content/0338.jpg,,
339,刘恋生日快乐0339,./content/0339.jpg,,
340,刘恋生日快乐0340,./content/0340.jpg,,
341,刘恋生日快乐0341,./content/0341.jpg,,
342,刘恋生日快乐0342,./content/0342.jpg,,
343,刘恋生日快乐0343,./content/0343.jpg,,
344,刘恋生日快乐0344,./content/0344.jpg,,
345,刘恋生日快乐0345,./content/0345.jpg,,
346,刘恋生日快乐0346,./content/0346.jpg,,
347,刘恋生日快乐0347,./content/0347.jpg,,
348,刘恋生日快乐0348,./content/0348.jpg,,
349,刘恋生日快乐0349,./content/0349.jpg,,
350,刘恋生日快乐0350,./content/0350.jpg,,
351,刘恋生日快乐0351,./content/0351.jpg,,
352,刘恋生日快乐0352,./content/0352.jpg,,
353,刘恋生日快乐0353,./content/0353.jpg,,
354,刘恋生日快乐0354,./content/0354.jpg,,
355,刘恋生日快乐0355,./content/0355.jpg,,
356,刘恋生日快乐0356,./content/0356.jpg,,
357,刘恋生日快乐0357,./content/0357.jpg,,
358,刘恋生日快乐0358,./content/0358.jpg,,
359,刘恋生日快乐0359,./content/0359.jpg,,
360,刘恋生日快乐0360,./content/0360.jpg,,
361,刘恋生日快乐0361,./content/0361.jpg,,
362,刘恋生日快乐0362,./content/0362.jpg,,
363,刘恋生日快乐0363,./content/0363.jpg,,
364,刘恋生日快乐0364,./content/0364.jpg,,
365,刘恋生日快乐0365,./content/0365.jpg,,
366,刘恋生日快乐0366,./content/0366.jpg,,
367,刘恋生日快乐0367,./content/0367.jpg,,
368,刘恋生日快乐0368,./content/0368.jpg,,
369,刘恋生日快乐0369,./content/0369.jpg,,
370,刘恋生日快乐0370,./content/0370.jpg,,
371,刘恋生日快乐0371,./content/0371.jpg,,
372,刘恋生日快乐0372,./content/0372.jpg,,
373,刘恋生日快乐0373,./content/0373.jpg,,
374,刘恋生日快乐0374,./content/0374.jpg,,
375,刘恋生日快乐0375,./content/0375.jpg,,
376,刘恋生日快乐0376,./content/0376.jpg,,
377,刘恋生日快乐0377,./content/0377.jpg,,
378,刘恋生日快乐0378,./content/0378.jpg,,
379,刘恋生日快乐0379,./content/0379.jpg,,
380,刘恋生日快乐0380,./content/0380.jpg,,
381,刘恋生日快乐0381,./content/0381.jpg,,
382,刘恋生日快乐0382,./content/0382.jpg,,
383,刘恋生日快乐0383,./content/0383.jpg,,
384,刘恋生日快乐0384,./content/0384.jpg,,
385,刘恋生日快乐0385,./content/0385.jpg,,
386,刘恋生日快乐0386,./content/0386.jpg,,
387,刘恋生日快乐0387,./content/0387.jpg,,
388,刘恋生日快乐0388,./content/0388.jpg,,
389,刘恋生日快乐0389,./content/0389.jpg,,
390,刘恋生日快乐0390,./content/0390.jpg,,
391,刘恋生日快乐0391,./content/0391.jpg,,
392,刘恋生日快乐0392,./content/0392.jpg,,
393,刘恋生日快乐0393,./content/0393.jpg,,
394,刘恋生日快乐0394,./content/0394.jpg,,
395,刘恋生日快乐0395,./content/0395.jpg,,
396,刘恋生日快乐0396,./content/0396.jpg,,
397,刘恋生日快乐0397,./content/0397.jpg,,
398,刘恋生日快乐0398,./content/0398.jpg,,
399,刘恋生日快乐0399,./content/0399.jpg,,
400,刘恋生日快乐0400,./content/0400.png,,
401,刘恋生日快乐0401,./content/0401.png,,
402,刘恋生日快乐0402,./content/0402.png,,
403,刘恋生日快乐0403,./content/0403.png,,
404,刘恋生日快乐0404,./content/0404.png,,
405,刘恋生日快乐0405,./content/0405.png,,
406,刘恋生日快乐0406,./content/0406.png,,
407,刘恋生日快乐0407,./content/0407.png,,
408,刘恋生日快乐0408,./content/0408.png,,
409,刘恋生日快乐0409,./content/0409.png,,
410,刘恋生日快乐0410,./content/0410.png,,
411,刘恋生日快乐0411,./content/0411.png,,
412,刘恋生日快乐0412,./content/0412.png,,
413,刘恋生日快乐0413,./content/0413.png,,
414,刘恋生日快乐0414,./content/0414.png,,
415,刘恋生日快乐0415,./content/0415.png,,
416,刘恋生日快乐0416,./content/0416.png,,
417,刘恋生日快乐0417,./content/0417.png,,
418,刘恋生日快乐0418,./content/0418.png,,
419,刘恋生日快乐0419,./content/0419.png,,
420,刘恋生日快乐0420,./content/0420.png,,
421,刘恋生日快乐0421,./content/0421.png,,
422,刘恋生日快乐0422,./content/0422.png,,
423,刘恋生日快乐0423,./content/0423.png,,
424,刘恋生日快乐0424,./content/0424.png,,
425,刘恋生日快乐0425,./content/0425.png,,./content/0426.mp4
426,刘恋生日快乐0426,./content/0426.png,,
427,刘恋生日快乐0427,./content/0427.png,,
428,刘恋生日快乐0428,./content/0428.png,,
429,刘恋生日快乐0429,./content/0429.png,,
430,刘恋生日快乐0430,./content/0430.png,,
431,刘恋生日快乐0431,./content/0431.png,,
432,刘恋生日快乐0432,./content/0432.png,,
433,刘恋生日快乐0433,./content/0433.png,,
434,刘恋生日快乐0434,./content/0434.png,,
435,刘恋生日快乐0435,./content/0435.png,,
436,刘恋生日快乐0436,./content/0436.png,,
437,刘恋生日快乐0437,./content/0437.png,,
438,刘恋生日快乐0438,./content/0438.png,,
439,刘恋生日快乐0439,./content/0439.png,,
440,刘恋生日快乐0440,./content/0440.png,,
441,刘恋生日快乐0441,./content/0441.png,,
442,刘恋生日快乐0442,./content/0442.png,,
443,刘恋生日快乐0443,./content/0443.png,,
444,刘恋生日快乐0444,./content/0444.png,,
445,刘恋生日快乐0445,./content/0445.png,,
446,刘恋生日快乐0446,./content/0446.png,,
447,刘恋生日快乐0447,./content/0447.png,,
448,刘恋生日快乐0448,./content/0448.png,,
449,刘恋生日快乐0449,./content/0449.png,,
450,刘恋生日快乐0450,./content/0450.png,,
451,刘恋生日快乐0451,./content/0451.png,,
452,刘恋生日快乐0452,./content/0452.png,,
453,刘恋生日快乐0453,./content/0453.png,,
454,刘恋生日快乐0454,./content/0454.png,,
455,刘恋生日快乐0455,./content/0455.png,,
456,刘恋生日快乐0456,./content/0456.png,,
457,刘恋生日快乐0457,./content/0457.png,,
458,刘恋生日快乐0458,./content/0458.png,,
459,刘恋生日快乐0459,./content/0459.png,,
460,刘恋生日快乐0460,./content/0460.png,,
461,刘恋生日快乐0461,./content/0461.png,,
462,刘恋生日快乐0462,./content/0462.png,,
463,刘恋生日快乐0463,./content/0463.png,,
464,刘恋生日快乐0464,./content/0464.png,,
465,刘恋生日快乐0465,./content/0465.png,,
466,刘恋生日快乐0466,./content/0466.png,,
467,刘恋生日快乐0467,./content/0467.png,,
468,刘恋生日快乐0468,./content/0468.png,,
469,刘恋生日快乐0469,./content/0469.png,,
470,刘恋生日快乐0470,./content/0470.png,,
471,刘恋生日快乐0471,./content/0471.png,,
472,刘恋生日快乐0472,./content/0472.png,,
473,刘恋生日快乐0473,./content/0473.png,,
474,刘恋生日快乐0474,./content/0474.png,,
475,刘恋生日快乐0475,./content/0475.png,,
476,刘恋生日快乐0476,./content/0476.png,,
477,刘恋生日快乐0477,./content/0477.png,,
478,刘恋生日快乐0478,./content/0478.png,,
479,刘恋生日快乐0479,./content/0479.png,,
480,刘恋生日快乐0480,./content/0480.png,,
481,刘恋生日快乐0481,./content/0481.png,,
482,刘恋生日快乐0482,./content/0482.png,,
483,刘恋生日快乐0483,./content/0483.png,,
484,刘恋生日快乐0484,./content/0484.png,,
485,刘恋生日快乐0485,./content/0485.png,,
486,刘恋生日快乐0486,./content/0486.png,,
487,刘恋生日快乐0487,./content/0487.png,,
488,刘恋生日快乐0488,./content/0488.png,,
489,刘恋生日快乐0489,./content/0489.png,,
490,刘恋生日快乐0490,./content/0490.png,,
491,刘恋生日快乐0491,./content/0491.png,,
492,刘恋生日快乐0492,./content/0492.png,,
493,刘恋生日快乐0493,./content/0493.png,,
494,刘恋生日快乐0494,./content/0494.png,,
495,刘恋生日快乐0495,./content/0495.png,,
496,刘恋生日快乐0496,./content/0496.png,,
497,刘恋生日快乐0497,./content/0497.png,,
498,刘恋生日快乐0498,./content/0498.png,,
499,刘恋生日快乐0499,./content/0499.png,./content/0500.mp3,
500,刘恋生日快乐0500,./content/0500.png,,
501,刘恋生日快乐0501,./content/0501.jpg,,
502,刘恋生日快乐0502,./content/0502.jpg,,
503,刘恋生日快乐0503,./content/0503.jpg,,
504,刘恋生日快乐0504,./content/0504.jpg,,
505,刘恋生日快乐0505,./content/0505.jpg,,
506,刘恋生日快乐0506,./content/0506.jpg,,
507,刘恋生日快乐0507,./content/0507.jpg,,
508,刘恋生日快乐0508,./content/0508.jpg,,
509,刘恋生日快乐0509,./content/0509.jpg,,
510,刘恋生日快乐0510,./content/0510.jpg,,
511,刘恋生日快乐0511,./content/0511.jpg,,
512,刘恋生日快乐0512,./content/0512.jpg,,
513,刘恋生日快乐0513,./content/0513.jpg,,
514,刘恋生日快乐0514,./content/0514.jpg,,
515,刘恋生日快乐0515,./content/0515.jpg,,
516,刘恋生日快乐0516,./content/0516.jpg,,
517,刘恋生日快乐0517,./content/0517.jpg,,
518,刘恋生日快乐0518,./content/0518.jpg,,
519,刘恋生日快乐0519,./content/0519.jpg,,
520,刘恋生日快乐0520,./content/0520.jpg,,
521,刘恋生日快乐0521,./content/0521.jpg,,
522,刘恋生日快乐0522,./content/0522.jpg,,
523,刘恋生日快乐0523,./content/0523.jpg,,
524,刘恋生日快乐0524,./content/0524.jpg,,
525,刘恋生日快乐0525,./content/0525.jpg,,
526,刘恋生日快乐0526,./content/0526.jpg,,
527,刘恋生日快乐0527,./content/0527.jpg,,
528,刘恋生日快乐0528,./content/0528.jpg,,
529,刘恋生日快乐0529,./content/0529.jpg,,
530,刘恋生日快乐0530,./content/0530.jpg,,
531,刘恋生日快乐0531,./content/0531.jpg,,
532,刘恋生日快乐0532,./content/0532.jpg,,
533,刘恋生日快乐0533,./content/0533.jpg,,
534,刘恋生日快乐0534,./content/0534.jpg,,
535,刘恋生日快乐0535,./content/0535.jpg,,
536,刘恋生日快乐0536,./content/0536.jpg,,
537,刘恋生日快乐0537,./content/0537.jpg,,
538,刘恋生日快乐0538,./content/0538.jpg,,
539,刘恋生日快乐0539,./content/0539.jpg,,
540,刘恋生日快乐0540,./content/0540.jpg,,
541,刘恋生日快乐0541,./content/0541.jpg,,
542,刘恋生日快乐0542,./content/0542.jpg,,
543,刘恋生日快乐0543,./content/0543.jpg,,
544,刘恋生日快乐0544,./content/0544.jpg,,
545,刘恋生日快乐0545,./content/0545.jpg,,
546,刘恋生日快乐0546,./content/0546.jpg,,
547,刘恋生日快乐0547,./content/0547.jpg,,
548,刘恋生日快乐0548,./content/0548.jpg,,
549,刘恋生日快乐0549,./content/0549.jpg,,
550,刘恋生日快乐0550,./content/0550.jpg,,
551,刘恋生日快乐0551,./content/0551.jpg,,
552,刘恋生日快乐0552,./content/0552.jpg,,
553,刘恋生日快乐0553,./content/0553.jpg,,
554,刘恋生日快乐0554,./content/0554.jpg,,
555,刘恋生日快乐0555,./content/0555.jpg,,
556,刘恋生日快乐0556,./content/0556.jpg,,
557,刘恋生日快乐0557,./content/0557.jpg,,
558,刘恋生日快乐0558,./content/0558.jpg,,
559,刘恋生日快乐0559,./content/0559.jpg,,
560,刘恋生日快乐0560,./content/0560.jpg,,
561,刘恋生日快乐0561,./content/0561.jpg,,
562,刘恋生日快乐0562,./content/0562.jpg,,
563,刘恋生日快乐0563,./content/0563.jpg,,
564,刘恋生日快乐0564,./content/0564.jpg,,
565,刘恋生日快乐0565,./content/0565.jpg,,
566,刘恋生日快乐0566,./content/0566.jpg,,
567,刘恋生日快乐0567,./content/0567.jpg,,
568,刘恋生日快乐0568,./content/0568.jpg,,
569,刘恋生日快乐0569,./content/0569.jpg,,
570,刘恋生日快乐0570,./content/0570.jpg,,
571,刘恋生日快乐0571,./content/0571.jpg,,
572,刘恋生日快乐0572,./content/0572.jpg,,
573,刘恋生日快乐0573,./content/0573.jpg,,
574,刘恋生日快乐0574,./content/0574.jpg,,
575,刘恋生日快乐0575,./content/0575.jpg,,
576,刘恋生日快乐0576,./content/0576.jpg,,
577,刘恋生日快乐0577,./content/0577.jpg,,
578,刘恋生日快乐0578,./content/0578.jpg,,
579,刘恋生日快乐0579,./content/0579.jpg,,
580,刘恋生日快乐0580,./content/0580.jpg,,
581,刘恋生日快乐0581,./content/0581.jpg,,
582,刘恋生日快乐0582,./content/0582.jpg,,
583,刘恋生日快乐0583,./content/0583.jpg,,
584,刘恋生日快乐0584,./content/0584.jpg,,
585,刘恋生日快乐0585,./content/0585.jpg,,
586,刘恋生日快乐0586,./content/0586.jpg,,
587,刘恋生日快乐0587,./content/0587.jpg,,
588,刘恋生日快乐0588,./content/0588.jpg,,
589,刘恋生日快乐0589,./content/0589.jpg,,
590,刘恋生日快乐0590,./content/0590.jpg,,
591,刘恋生日快乐0591,./content/0591.jpg,,
592,刘恋生日快乐0592,./content/0592.jpg,,
593,刘恋生日快乐0593,./content/0593.jpg,,
594,刘恋生日快乐0594,./content/0594.jpg,,
595,刘恋生日快乐0595,./content/0595.jpg,,
596,刘恋生日快乐0596,./content/0596.jpg,,
597,刘恋生日快乐0597,./content/0597.jpg,,
598,刘恋生日快乐0598,./content/0598.jpg,,
599,刘恋生日快乐0599,./content/0599.jpg,,
600,刘恋生日快乐0600,./content/0600.jpg,,
601,刘恋生日快乐0601,./content/0601.jpg,,
602,刘恋生日快乐0602,./content/0602.jpg,,
603,刘恋生日快乐0603,./content/0603.jpg,,
604,刘恋生日快乐0604,./content/0604.jpg,,
605,刘恋生日快乐0605,./content/0605.jpg,,
606,刘恋生日快乐0606,./content/0606.jpg,,
607,刘恋生日快乐0607,./content/0607.jpg,,
608,刘恋生日快乐0608,./content/0608.jpg,,
609,刘恋生日快乐0609,./content/0609.jpg,,
610,刘恋生日快乐0610,./content/0610.jpg,,
611,刘恋生日快乐0611,./content/0611.jpg,,
612,刘恋生日快乐0612,./content/0612.jpg,,
613,刘恋生日快乐0613,./content/0613.jpg,,
614,刘恋生日快乐0614,./content/0614.jpg,,
615,刘恋生日快乐0615,./content/0615.jpg,,
616,刘恋生日快乐0616,./content/0616.jpg,,
617,刘恋生日快乐0617,./content/0617.jpg,,
618,刘恋生日快乐0618,./content/0618.jpg,,
619,刘恋生日快乐0619,./content/0619.jpg,,
620,刘恋生日快乐0620,./content/0620.jpg,,
621,刘恋生日快乐0621,./content/0621.jpg,,
622,刘恋生日快乐0622,./content/0622.jpg,,
623,刘恋生日快乐0623,./content/0623.jpg,,
624,刘恋生日快乐0624,./content/0624.jpg,,
625,刘恋生日快乐0625,./content/0625.jpg,,
626,刘恋生日快乐0626,./content/0626.jpg,,
627,刘恋生日快乐0627,./content/0627.jpg,,
628,刘恋生日快乐0628,./content/0628.jpg,,
629,刘恋生日快乐0629,./content/0629.jpg,,
630,刘恋生日快乐0630,./content/0630.jpg,,
631,刘恋生日快乐0631,./content/0631.jpg,,
632,刘恋生日快乐0632,./content/0632.jpg,,
633,刘恋生日快乐0633,./content/0633.jpg,,
634,刘恋生日快乐0634,./content/0634.jpg,,
635,刘恋生日快乐0635,./content/0635.jpg,,
636,刘恋生日快乐0636,./content/0636.jpg,,
637,刘恋生日快乐0637,./content/0637.jpg,,
638,刘恋生日快乐0638,./content/0638.jpg,,
639,刘恋生日快乐0639,./content/0639.jpg,,
640,刘恋生日快乐0640,./content/0640.jpg,,
641,刘恋生日快乐0641,./content/0641.jpg,,
642,刘恋生日快乐0642,./content/0642.jpg,,
643,刘恋生日快乐0643,./content/0643.jpg,,
644,刘恋生日快乐0644,./content/0644.jpg,,
645,刘恋生日快乐0645,./content/0645.jpg,,
646,刘恋生日快乐0646,./content/0646.jpg,,
647,刘恋生日快乐0647,./content/0647.jpg,,
648,刘恋生日快乐0648,./content/0648.jpg,,
649,刘恋生日快乐0649,./content/0649.jpg,,
650,刘恋生日快乐0650,./content/0650.jpg,,
651,刘恋生日快乐0651,./content/0651.jpg,,
652,刘恋生日快乐0652,./content/0652.jpg,,
653,刘恋生日快乐0653,./content/0653.jpg,,
654,刘恋生日快乐0654,./content/0654.jpg,,
655,刘恋生日快乐0655,./content/0655.jpg,,
656,刘恋生日快乐0656,./content/0656.jpg,,
657,刘恋生日快乐0657,./content/0657.jpg,,
658,刘恋生日快乐0658,./content/0658.jpg,,
659,刘恋生日快乐0659,./content/0659.jpg,,
660,刘恋生日快乐0660,./content/0660.jpg,,
661,刘恋生日快乐0661,./content/0661.jpg,,
662,刘恋生日快乐0662,./content/0662.jpg,,
663,刘恋生日快乐0663,./content/0663.jpg,,
664,刘恋生日快乐0664,./content/0664.jpg,,
665,刘恋生日快乐0665,./content/0665.jpg,,
666,刘恋生日快乐0666,./content/0666.jpg,,
667,刘恋生日快乐0667,./content/0667.jpg,,
668,刘恋生日快乐0668,./content/0668.jpg,,
669,刘恋生日快乐0669,./content/0669.jpg,,
670,刘恋生日快乐0670,./content/0670.jpg,,
671,刘恋生日快乐0671,./content/0671.jpg,,
672,刘恋生日快乐0672,./content/0672.jpg,,
673,刘恋生日快乐0673,./content/0673.jpg,,
674,刘恋生日快乐0674,./content/0674.jpg,,
675,刘恋生日快乐0675,./content/0675.jpg,,
676,刘恋生日快乐0676,./content/0676.jpg,,
677,刘恋生日快乐0677,./content/0677.jpg,,
678,刘恋生日快乐0678,./content/0678.jpg,,
679,刘恋生日快乐0679,./content/0679.jpg,,
680,刘恋生日快乐0680,./content/0680.jpg,,
681,刘恋生日快乐0681,./content/0681.jpg,,
682,刘恋生日快乐0682,./content/0682.jpg,,
683,刘恋生日快乐0683,./content/0683.jpg,,
684,刘恋生日快乐0684,./content/0684.jpg,,
685,刘恋生日快乐0685,./content/0685.jpg,,
686,刘恋生日快乐0686,./content/0686.jpg,,
687,刘恋生日快乐0687,./content/0687.jpg,,
688,刘恋生日快乐0688,./content/0688.jpg,,
689,刘恋生日快乐0689,./content/0689.jpg,,
690,刘恋生日快乐0690,./content/0690.jpg,,
691,刘恋生日快乐0691,./content/0691.jpg,,
692,刘恋生日快乐0692,./content/0692.jpg,,
693,刘恋生日快乐0693,./content/0693.jpg,,
694,刘恋生日快乐0694,./content/0694.jpg,,
695,刘恋生日快乐0695,./content/0695.jpg,,
696,刘恋生日快乐0696,./content/0696.jpg,,
697,刘恋生日快乐0697,./content/0697.jpg,,
698,刘恋生日快乐0698,./content/0698.jpg,,
699,刘恋生日快乐0699,./content/0699.jpg,,
700,刘恋生日快乐0700,./content/0700.jpg,,
701,刘恋生日快乐0701,./content/0701.jpg,,
702,刘恋生日快乐0702,./content/0702.jpg,,
703,刘恋生日快乐0703,./content/0703.jpg,,
704,刘恋生日快乐0704,./content/0704.jpg,,
705,刘恋生日快乐0705,./content/0705.jpg,,
706,刘恋生日快乐0706,./content/0706.jpg,,
707,刘恋生日快乐0707,./content/0707.jpg,,
708,刘恋生日快乐0708,./content/0708.jpg,,
709,刘恋生日快乐0709,./content/0709.jpg,,
710,刘恋生日快乐0710,./content/0710.jpg,,
711,刘恋生日快乐0711,./content/0711.jpg,,
712,刘恋生日快乐0712,./content/0712.jpg,,
713,刘恋生日快乐0713,./content/0713.jpg,,
714,刘恋生日快乐0714,./content/0714.jpg,,
715,刘恋生日快乐0715,./content/0715.jpg,,
716,刘恋生日快乐0716,./content/0716.jpg,,
717,刘恋生日快乐0717,./content/0717.jpg,,
718,刘恋生日快乐0718,./content/0718.jpg,,
719,刘恋生日快乐0719,./content/0719.jpg,,
720,刘恋生日快乐0720,./content/0720.jpg,,
721,刘恋生日快乐0721,./content/0721.jpg,,
722,刘恋生日快乐0722,./content/0722.jpg,,
723,刘恋生日快乐0723,./content/0723.jpg,,
724,刘恋生日快乐0724,./content/0724.jpg,,
725,刘恋生日快乐0725,./content/0725.jpg,,
726,刘恋生日快乐0726,./content/0726.jpg,,
727,刘恋生日快乐0727,./content/0727.jpg,,
728,刘恋生日快乐0728,./content/0728.jpg,,
729,刘恋生日快乐0729,./content/0729.jpg,,
730,刘恋生日快乐0730,./content/0730.jpg,,
731,刘恋生日快乐0731,./content/0731.jpg,,
732,刘恋生日快乐0732,./content/0732.jpg,,
733,刘恋生日快乐0733,./content/0733.jpg,,
734,刘恋生日快乐0734,./content/0734.jpg,,
735,刘恋生日快乐0735,./content/0735.jpg,,
736,刘恋生日快乐0736,./content/0736.jpg,,
737,刘恋生日快乐0737,./content/0737.jpg,,
738,刘恋生日快乐0738,./content/0738.jpg,,
739,刘恋生日快乐0739,./content/0739.jpg,,
740,刘恋生日快乐0740,./content/0740.jpg,,
741,刘恋生日快乐0741,./content/0741.jpg,,
742,刘恋生日快乐0742,./content/0742.jpg,,
743,刘恋生日快乐0743,./content/0743.jpg,,
744,刘恋生日快乐0744,./content/0744.jpg,,
745,刘恋生日快乐0745,./content/0745.jpg,,
746,刘恋生日快乐0746,./content/0746.jpg,,
747,刘恋生日快乐0747,./content/0747.jpg,,
748,刘恋生日快乐0748,./content/0748.jpg,,
749,刘恋生日快乐0749,./content/0749.jpg,,
750,刘恋生日快乐0750,./content/0750.jpg,,
751,刘恋生日快乐0751,./content/0751.jpg,,
752,刘恋生日快乐0752,./content/0752.jpg,,
753,刘恋生日快乐0753,./content/0753.jpg,,
754,刘恋生日快乐0754,./content/0754.jpg,,
755,刘恋生日快乐0755,./content/0755.jpg,,
756,刘恋生日快乐0756,./content/0756.jpg,,
757,刘恋生日快乐0757,./content/0757.jpg,,
758,刘恋生日快乐0758,./content/0758.jpg,,
759,刘恋生日快乐0759,./content/0759.jpg,,
760,刘恋生日快乐0760,./content/0760.jpg,,
761,刘恋生日快乐0761,./content/0761.jpg,,
762,刘恋生日快乐0762,./content/0762.jpg,,
763,刘恋生日快乐0763,./content/0763.jpg,,
764,刘恋生日快乐0764,./content/0764.jpg,,
765,刘恋生日快乐0765,./content/0765.jpg,,
766,刘恋生日快乐0766,./content/0766.jpg,,
767,刘恋生日快乐0767,./content/0767.jpg,,
768,刘恋生日快乐0768,./content/0768.jpg,,
769,刘恋生日快乐0769,./content/0769.jpg,,
770,刘恋生日快乐0770,./content/0770.jpg,,
771,刘恋生日快乐0771,./content/0771.jpg,,
772,刘恋生日快乐0772,./content/0772.jpg,,
773,刘恋生日快乐0773,./content/0773.jpg,,
774,刘恋生日快乐0774,./content/0774.jpg,,
775,刘恋生日快乐0775,./content/0775.jpg,,
776,刘恋生日快乐0776,./content/0776.jpg,,
777,刘恋生日快乐0777,./content/0777.jpg,,
778,刘恋生日快乐0778,./content/0778.jpg,,
779,刘恋生日快乐0779,./content/0779.jpg,,
780,刘恋生日快乐0780,./content/0780.jpg,,
781,刘恋生日快乐0781,./content/0781.jpg,,
782,刘恋生日快乐0782,./content/0782.jpg,,
783,刘恋生日快乐0783,./content/0783.jpg,,
784,刘恋生日快乐0784,./content/0784.jpg,,
785,刘恋生日快乐0785,./content/0785.jpg,,
786,刘恋生日快乐0786,./content/0786.jpg,,
787,刘恋生日快乐0787,./content/0787.jpg,,
788,刘恋生日快乐0788,./content/0788.jpg,,
789,刘恋生日快乐0789,./content/0789.jpg,,
790,刘恋生日快乐0790,./content/0790.jpg,,
791,刘恋生日快乐0791,./content/0791.jpg,,
792,刘恋生日快乐0792,./content/0792.jpg,,
793,刘恋生日快乐0793,./content/0793.jpg,,
794,刘恋生日快乐0794,./content/0794.jpg,,
795,刘恋生日快乐0795,./content/0795.jpg,,
796,刘恋生日快乐0796,./content/0796.jpg,,
797,刘恋生日快乐0797,./content/0797.jpg,,
798,刘恋生日快乐0798,./content/0798.jpg,,
799,刘恋生日快乐0799,./content/0799.jpg,,
800,刘恋生日快乐0800,./content/0800.png,,
801,刘恋生日快乐0801,./content/0801.png,,
802,刘恋生日快乐0802,./content/0802.png,,
803,刘恋生日快乐0803,./content/0803.png,,
804,刘恋生日快乐0804,./content/0804.png,,
805,刘恋生日快乐0805,./content/0805.png,,
806,刘恋生日快乐0806,./content/0806.png,,
807,刘恋生日快乐0807,./content/0807.png,,
808,刘恋生日快乐0808,./content/0808.png,,
809,刘恋生日快乐0809,./content/0809.png,,
810,刘恋生日快乐0810,./content/0810.png,,
811,刘恋生日快乐0811,./content/0811.png,,
812,刘恋生日快乐0812,./content/0812.png,,
813,刘恋生日快乐0813,./content/0813.png,,
814,刘恋生日快乐0814,./content/0814.png,,
815,刘恋生日快乐0815,./content/0815.png,,
816,刘恋生日快乐0816,./content/0816.png,,
817,刘恋生日快乐0817,./content/0817.png,,
818,刘恋生日快乐0818,./content/0818.png,,
819,刘恋生日快乐0819,./content/0819.png,,
820,刘恋生日快乐0820,./content/0820.png,,
821,刘恋生日快乐0821,./content/0821.png,,
822,刘恋生日快乐0822,./content/0822.png,,
823,刘恋生日快乐0823,./content/0823.png,,
824,刘恋生日快乐0824,./content/0824.png,,
825,刘恋生日快乐0825,./content/0825.png,,
826,刘恋生日快乐0826,./content/0826.png,,
827,刘恋生日快乐0827,./content/0827.png,,
828,刘恋生日快乐0828,./content/0828.png,,
829,刘恋生日快乐0829,./content/0829.png,,
830,刘恋生日快乐0830,./content/0830.png,,
831,刘恋生日快乐0831,./content/0831.png,,
832,刘恋生日快乐0832,./content/0832.png,,
833,刘恋生日快乐0833,./content/0833.png,,
834,刘恋生日快乐0834,./content/0834.png,,
835,刘恋生日快乐0835,./content/0835.png,,
836,刘恋生日快乐0836,./content/0836.png,,
837,刘恋生日快乐0837,./content/0837.png,,
838,刘恋生日快乐0838,./content/0838.png,,
839,刘恋生日快乐0839,./content/0839.png,,
840,刘恋生日快乐0840,./content/0840.png,,
841,刘恋生日快乐0841,./content/0841.png,,
842,刘恋生日快乐0842,./content/0842.png,,
843,刘恋生日快乐0843,./content/0843.png,,
844,刘恋生日快乐0844,./content/0844.png,,
845,刘恋生日快乐0845,./content/0845.png,,
846,刘恋生日快乐0846,./content/0846.png,,
847,刘恋生日快乐0847,./content/0847.png,,
848,刘恋生日快乐0848,./content/0848.png,,
849,刘恋生日快乐0849,./content/0849.png,,
850,刘恋生日快乐0850,./content/0850.png,,
851,刘恋生日快乐0851,./content/0851.png,,
852,刘恋生日快乐0852,./content/0852.png,,
853,刘恋生日快乐0853,./content/0853.png,,
854,刘恋生日快乐0854,./content/0854.png,,
855,刘恋生日快乐0855,./content/0855.png,,
856,刘恋生日快乐0856,./content/0856.png,,
857,刘恋生日快乐0857,./content/0857.png,,
858,刘恋生日快乐0858,./content/0858.png,,
859,刘恋生日快乐0859,./content/0859.png,,
860,刘恋生日快乐0860,./content/0860.png,,
861,刘恋生日快乐0861,./content/0861.png,,
862,刘恋生日快乐0862,./content/0862.png,,
863,刘恋生日快乐0863,./content/0863.png,,
864,刘恋生日快乐0864,./content/0864.png,,
865,刘恋生日快乐0865,./content/0865.png,,
866,刘恋生日快乐0866,./content/0866.png,,
867,刘恋生日快乐0867,./content/0867.png,,
868,刘恋生日快乐0868,./content/0868.png,,
869,刘恋生日快乐0869,./content/0869.png,,
870,刘恋生日快乐0870,./content/0870.png,,
871,刘恋生日快乐0871,./content/0871.png,,
872,刘恋生日快乐0872,./content/0872.png,,
873,刘恋生日快乐0873,./content/0873.png,,
874,刘恋生日快乐0874,./content/0874.png,,
875,刘恋生日快乐0875,./content/0875.png,,
876,刘恋生日快乐0876,./content/0876.png,,
877,刘恋生日快乐0877,./content/0877.png,,
878,刘恋生日快乐0878,./content/0878.png,,
879,刘恋生日快乐0879,./content/0879.png,,
880,刘恋生日快乐0880,./content/0880.png,,
881,刘恋生日快乐0881,./content/0881.png,,
882,刘恋生日快乐0882,./content/0882.png,,
883,刘恋生日快乐0883,./content/0883.png,,
884,刘恋生日快乐0884,./content/0884.png,,
885,刘恋生日快乐0885,./content/0885.png,,
886,刘恋生日快乐0886,./content/0886.png,,
887,刘恋生日快乐0887,./content/0887.png,,
888,刘恋生日快乐0888,./content/0888.png,,
889,刘恋生日快乐0889,./content/0889.png,,
890,刘恋生日快乐0890,./content/0890.png,,
891,刘恋生日快乐0891,./content/0891.png,,
892,刘恋生日快乐0892,./content/0892.png,,
893,刘恋生日快乐0893,./content/0893.png,,
894,刘恋生日快乐0894,./content/0894.png,,
895,刘恋生日快乐0895,./content/0895.png,,
896,刘恋生日快乐0896,./content/0896.png,,
897,刘恋生日快乐0897,./content/0897.png,,
898,刘恋生日快乐0898,./content/0898.png,,
899,刘恋生日快乐0899,./content/0899.png,,
900,刘恋生日快乐0900,./content/0900.png,,
901,刘恋生日快乐0901,./content/0901.jpg,,
902,刘恋生日快乐0902,./content/0902.jpg,,
903,刘恋生日快乐0903,./content/0903.jpg,,
904,刘恋生日快乐0904,./content/0904.jpg,,
905,刘恋生日快乐0905,./content/0905.jpg,,
906,刘恋生日快乐0906,./content/0906.jpg,,
907,刘恋生日快乐0907,./content/0907.jpg,,
908,刘恋生日快乐0908,./content/0908.jpg,,
909,刘恋生日快乐0909,./content/0909.jpg,,
910,刘恋生日快乐0910,./content/0910.jpg,,
911,刘恋生日快乐0911,./content/0911.jpg,,
912,刘恋生日快乐0912,./content/0912.jpg,,
913,刘恋生日快乐0913,./content/0913.jpg,,
914,刘恋生日快乐0914,./content/0914.jpg,,
915,刘恋生日快乐0915,./content/0915.jpg,,
916,刘恋生日快乐0916,./content/0916.jpg,,
917,刘恋生日快乐0917,./content/0917.jpg,,
918,刘恋生日快乐0918,./content/0918.jpg,,
919,刘恋生日快乐0919,./content/0919.jpg,,
920,刘恋生日快乐0920,./content/0920.jpg,,
921,刘恋生日快乐0921,./content/0921.jpg,,
922,刘恋生日快乐0922,./content/0922.jpg,,
923,刘恋生日快乐0923,./content/0923.jpg,,
924,刘恋生日快乐0924,./content/0924.jpg,,
925,刘恋生日快乐0925,./content/0925.jpg,,
926,刘恋生日快乐0926,./content/0926.jpg,,
927,刘恋生日快乐0927,./content/0927.jpg,,
928,刘恋生日快乐0928,./content/0928.jpg,,
929,刘恋生日快乐0929,./content/0929.jpg,,
930,刘恋生日快乐0930,./content/0930.jpg,,
931,刘恋生日快乐0931,./content/0931.jpg,,
932,刘恋生日快乐0932,./content/0932.jpg,,
933,刘恋生日快乐0933,./content/0933.jpg,,
934,刘恋生日快乐0934,./content/0934.jpg,,
935,刘恋生日快乐0935,./content/0935.jpg,,
936,刘恋生日快乐0936,./content/0936.jpg,,
937,刘恋生日快乐0937,./content/0937.jpg,,
938,刘恋生日快乐0938,./content/0938.jpg,,
939,刘恋生日快乐0939,./content/0939.jpg,,
940,刘恋生日快乐0940,./content/0940.jpg,,
941,刘恋生日快乐0941,./content/0941.jpg,,
942,刘恋生日快乐0942,./content/0942.jpg,,
943,刘恋生日快乐0943,./content/0943.jpg,,
944,刘恋生日快乐0944,./content/0944.jpg,,
945,刘恋生日快乐0945,./content/0945.jpg,,
946,刘恋生日快乐0946,./content/0946.jpg,,
947,刘恋生日快乐0947,./content/0947.jpg,,
948,刘恋生日快乐0948,./content/0948.jpg,,
949,刘恋生日快乐0949,./content/0949.jpg,,
950,刘恋生日快乐0950,./content/0950.jpg,,
951,刘恋生日快乐0951,./content/0951.jpg,,
952,刘恋生日快乐0952,./content/0952.jpg,,
953,刘恋生日快乐0953,./content/0953.jpg,,
954,刘恋生日快乐0954,./content/0954.jpg,,
955,刘恋生日快乐0955,./content/0955.jpg,,
956,刘恋生日快乐0956,./content/0956.jpg,,
957,刘恋生日快乐0957,./content/0957.jpg,,
958,刘恋生日快乐0958,./content/0958.jpg,,
959,刘恋生日快乐0959,./content/0959.jpg,,
960,刘恋生日快乐0960,./content/0960.jpg,,
961,刘恋生日快乐0961,./content/0961.jpg,,
962,刘恋生日快乐0962,./content/0962.jpg,,
963,刘恋生日快乐0963,./content/0963.jpg,,
964,刘恋生日快乐0964,./content/0964.jpg,,
965,刘恋生日快乐0965,./content/0965.jpg,,
966,刘恋生日快乐0966,./content/0966.jpg,,
967,刘恋生日快乐0967,./content/0967.jpg,,
968,刘恋生日快乐0968,./content/0968.jpg,,
969,刘恋生日快乐0969,./content/0969.jpg,,
970,刘恋生日快乐0970,./content/0970.jpg,,
971,刘恋生日快乐0971,./content/0971.jpg,,
972,刘恋生日快乐0972,./content/0972.jpg,,
973,刘恋生日快乐0973,./content/0973.jpg,,
974,刘恋生日快乐0974,./content/0974.jpg,,
975,刘恋生日快乐0975,./content/0975.jpg,,
976,刘恋生日快乐0976,./content/0976.jpg,,
977,刘恋生日快乐0977,./content/0977.jpg,,
978,刘恋生日快乐0978,./content/0978.jpg,,
979,刘恋生日快乐0979,./content/0979.jpg,,
980,刘恋生日快乐0980,./content/0980.jpg,,
981,刘恋生日快乐0981,./content/0981.jpg,,
982,刘恋生日快乐0982,./content/0982.jpg,,
983,刘恋生日快乐0983,./content/0983.jpg,,
984,刘恋生日快乐0984,./content/0984.jpg,,
985,刘恋生日快乐0985,./content/0985.jpg,,
986,刘恋生日快乐0986,./content/0986.jpg,,
987,刘恋生日快乐0987,./content/0987.jpg,,
988,刘恋生日快乐0988,./content/0988.jpg,,
989,刘恋生日快乐0989,./content/0989.jpg,,
990,刘恋生日快乐0990,./content/0990.jpg,,
991,刘恋生日快乐0991,./content/0991.jpg,,
992,刘恋生日快乐0992,./content/0992.jpg,,
993,刘恋生日快乐0993,./content/0993.jpg,,
994,刘恋生日快乐0994,./content/0994.jpg,,
995,刘恋生日快乐0995,./content/0995.jpg,,
996,刘恋生日快乐0996,./content/0996.jpg,,
997,刘恋生日快乐0997,./content/0997.jpg,,
998,刘恋生日快乐0998,./content/0998.jpg,,
999,刘恋生日快乐0999,./content/0999.jpg,,
1000,刘恋生日快乐1000,./content/1000.jpg,,./content/1000.mp4
